id,productId,quality,price,value,name,summary,review,reviewDate
263,22,5,5,5,Divyakeerthi,Best product,Best product,2023-06-23 22:50:52
264,22,5,5,5,Srinivas,Good product,Good product,2023-06-24 08:40:53
265,22,5,5,5,Anupama,Amazing book,Amazing book,2023-06-24 08:41:37
266,22,5,5,5,Seena,Best book,Best book,2023-06-24 08:42:18
267,22,5,5,5,Sangarsh,Wonderful,Wonderful,2023-06-24 08:42:55
268,22,5,5,5,Naveena,Best Book,Best Book,2023-06-24 08:43:56
269,22,5,5,5,Shrika,Best Book,Best Book,2023-06-24 08:44:35
270,22,5,5,5,Dimmy,Best book,Best book,2023-06-24 08:45:51
271,22,3,3,3,Shanvi,Average book,Average book,2023-06-24 08:49:38
272,22,3,3,3,Harry,Average book,Average book,2023-06-24 08:50:09
273,22,3,3,3,Darren,Fine,Fine,2023-06-24 08:50:43
274,22,3,3,3,Sandesh,Average Book,Average Book,2023-06-24 08:51:50
275,22,3,3,3,Pavitra,Average book,Average book,2023-06-24 09:07:41
276,22,3,3,3,Aparna,Average book,Average book,2023-06-24 09:08:44
277,22,3,3,3,Mansa,Okay,Okay,2023-06-24 09:09:27
278,22,3,3,3,Pranam N,Average book,Average book,2023-06-24 09:10:42
279,22,1,1,1,manasa,Worst Book,Worst book,2023-06-24 09:11:20
280,22,1,1,1,Prashantha,Hate it,Hate it,2023-06-24 09:11:50
281,22,1,1,1,Danya,Didnt like it,Didnt Like it,2023-06-24 09:20:40
282,22,1,1,1,Samantha,Worst Book,Worst book,2023-06-24 09:21:17
283,22,1,1,1,Vinedra,Worst book,Worst book,2023-06-24 09:21:52
284,22,1,1,1,Saathwik,"Okay, Not bad",Not interesting,2023-06-24 09:22:36
285,22,1,1,1,Nanda,Worst book,Worst book,2023-06-24 09:24:35
286,22,1,1,1,Vineeth,Worst book,Worst book,2023-06-24 09:27:39
287,22,5,5,5,Vidyashree,Fantastic Book,Fantastic Book,2023-06-24 09:29:41
288,34,5,5,5,Vidwath,Best book,Best book. It was scary,2023-06-24 09:43:53
289,34,5,5,5,Ameesha,Best Book,"Scary Book, Amazing book",2023-06-24 09:48:19
290,34,5,5,5,Vidyashree,Best book,Best book,2023-06-24 09:48:54
291,34,5,5,5,Vineeth,Best book,Best book,2023-06-24 09:49:21
292,34,5,5,5,Vineeth,Best book,Best book,2023-06-24 10:01:57
293,34,5,5,5,Manasa,Best book,Best book,2023-06-24 10:03:45
294,34,5,5,5,Manya,Amazing book,Amazing book,2023-06-24 10:04:49
295,34,5,5,5,Pranam N,Best book,Best book,2023-06-24 10:05:30
296,34,3,3,3,Divyakeerthi,Average book,Average book,2023-06-24 10:08:53
297,34,3,3,3,Srinivas,Average book,Average book,2023-06-24 10:09:54
298,34,3,3,3,Nityamma,Average book,"Okay,fine",2023-06-24 10:10:47
299,34,3,3,3,Anupama,Average book,Average book,2023-06-24 10:11:57
300,34,3,3,3,Seena,"Okay, It was average",Average book,2023-06-24 10:13:04
301,34,3,3,3,Fathima,Average book,Average book,2023-06-24 10:18:42
302,34,3,3,3,Sanaya,Average book,Average book,2023-06-24 10:19:51
303,34,3,3,3,Sangarsh,Average Book,Average Book,2023-06-24 10:21:17
304,34,1,1,1,Naveena,Worst book,"Worst book, Not scary at all",2023-06-24 10:22:31
305,34,1,1,1,Sunny,Not good at all,Boring,2023-06-24 10:23:29
306,34,1,1,1,Shanvi,Worst book,"Worst book, Not scary at all",2023-06-24 10:25:35
307,34,1,1,1,Shrika,Worst book,Worst book,2023-06-24 10:26:21
308,34,1,1,1,Dimmy,Not nice book,Not nice book,2023-06-24 22:16:53
309,34,1,1,1,Harry,Worst book,Worst book,2023-06-24 22:17:24
310,34,1,1,1,Darren,Not scary at all,Not scary at all,2023-06-24 22:18:06
311,34,5,5,5,Sandesh,Best book,Best book,2023-06-24 22:19:01
312,34,1,1,1,Sandesh,Best book,Best book,2023-06-24 22:20:00
314,52,1,1,1,Poorvi,Didnt like it,Boring,2023-06-24 23:04:11
315,52,1,1,1,Zubair,Worst book,Worst book,2023-06-24 23:05:36
316,52,2,2,2,Singh,"Okay, Not bad","Okay, Not bad",2023-06-24 23:06:21
317,52,2,2,2,Maanyata,Not bad,Not bad,2023-06-24 23:07:39
318,52,0,0,0,Nidya,Worst book,Worst book,2023-06-24 23:08:31
319,52,1,1,1,Nandesha,Worst book,Worst book,2023-06-24 23:09:29
320,52,2,2,2,Vikram,"Okay, Not bad","Okay, Not bad",2023-06-24 23:10:11
321,52,0,0,0,Ameesha,Worst book,Worst book,2023-06-24 23:10:45
322,52,3,3,3,Vidwath,Average book,Average book,2023-06-24 23:11:23
323,52,3,3,3,Vidyashree,Average book,Average book,2023-06-24 23:15:25
324,52,3,3,3,Vineeth,Average book,Average book,2023-06-24 23:16:03
325,52,3,3,3,Nanda,Average book,Average book,2023-06-24 23:16:46
326,52,3,3,3,Saathwik,Average book,Average book,2023-06-24 23:17:28
327,52,3,3,3,Saathwik,Average book,Average book,2023-06-24 23:17:58
328,52,3,3,3,Vinedra,Average book,Average book,2023-06-24 23:18:31
329,52,3,3,3,Samantha,Average book,Average book,2023-06-24 23:25:39
330,52,5,5,5,Manasa,Best Novel,Very very good novel. Must read it,2023-06-24 23:27:02
331,52,5,5,5,Manya,Best Novel,Best Novel,2023-06-24 23:27:51
332,52,5,5,5,Pranam N,Best Novel,Best Novel,2023-06-24 23:29:15
333,52,5,5,5,Divyakeerthi,Best Novel,"Wonderful, Mind blowing",2023-06-24 23:30:02
334,52,5,5,5,Srinivas,Best Novel,Best Novel,2023-06-24 23:30:32
335,52,5,5,5,Nityamma,Best Novel,Best Novel,2023-06-24 23:31:04
336,52,5,5,5,Anupama,Best Novel,Best Novel,2023-06-24 23:31:39
337,52,5,5,5,Seena,Best Novel,Best Novel,2023-06-24 23:32:15
338,52,5,5,5,Fathima,Worst book,Worst book,2023-06-24 23:39:18
339,121,3,3,3,Divyakeerthi,Average Book,Average Book,2023-06-24 23:40:14
340,121,3,3,3,Srinivas,Average Book,Average book,2023-06-24 23:40:43
341,121,3,3,3,Sanaya,Average book,Average book,2023-06-24 23:42:02
342,121,3,3,3,Sangarsh ,Average Book,Average book,2023-06-24 23:42:46
343,121,3,3,3,Naveena,Average Book,Average book,2023-06-24 23:43:12
344,121,3,3,3,Manya,Average Book,Average Book,2023-06-24 23:43:52
345,121,3,3,3,Sunny,Average Book,Average Book,2023-06-24 23:44:22
346,121,3,3,3,Shanvi,Average Book,Average Book,2023-06-24 23:45:05
347,121,5,5,5,Shrika,Amazing Book,Amazing Book,2023-06-24 23:46:50
348,121,5,5,5,Dimmy,Best Book,Best Book,2023-06-24 23:47:29
349,121,5,5,5,Harry,Wonderful Novel,Wonderful Novel,2023-06-24 23:48:44
350,121,5,5,5,Darren,Mind Blowing,Mind Blowing,2023-06-24 23:49:25
351,121,5,5,5,Sandesh,Best Novel,Best Novel,2023-06-24 23:50:14
352,121,5,5,5,Pavitra,Best Novel,Best Novel,2023-06-24 23:52:15
353,121,5,5,5,Aparna,Best Novel,Best Novel,2023-06-24 23:53:00
354,121,5,5,5,Mansa,Best Novel,Best Novel,2023-06-24 23:53:26
355,121,3,3,3,Danya,Average Book,Average Book,2023-06-24 23:54:01
356,121,3,3,3,Samantha,Average book,Average Book,2023-06-25 00:17:12
357,121,3,3,3,Vinedra,Average Book,Average Book,2023-06-25 00:17:50
358,121,2,2,2,Saathwik,"Okay, Not Bad","Okay, Not Bad",2023-06-25 00:18:32
359,121,2,2,2,Nanda,Average Book,Average Book,2023-06-25 00:19:09
360,121,2,2,2,Vineeth,"Okay, Not Bad","Okay, Not bad",2023-06-25 00:19:45
361,121,2,2,2,Vidyashree,"Okay, Not Bad","Okay, Not Bad",2023-06-25 00:20:32
362,121,2,2,2,Vidwath,"Okay, Not Bad","Okay, Not Bad",2023-06-25 00:21:28
363,121,3,3,3,Nandesha,Average Book,Average Book,2023-06-25 00:22:09
364,36,5,5,5,Manasa,Best book,Best Book,2023-06-25 00:27:08
365,36,5,5,5,Manya,Best Book,Best Book,2023-06-25 00:27:44
366,36,5,5,5,Sunny,Wonderful,Wonderful Novel,2023-06-25 00:55:14
367,36,5,5,5,Shanvi,Amazing Book,Amazing Book,2023-06-25 00:56:16
368,36,5,5,5,Shrika,Best Book,Best Book,2023-06-25 00:56:45
369,36,5,5,5,Dimmy,Amazing Book,Amazing Book,2023-06-25 00:57:25
370,36,5,5,5,Harry,Wonderful Book,Wonderful Book,2023-06-25 00:57:59
371,36,5,5,5,Darren,Best Book,Best Book,2023-06-25 00:59:04
372,36,1,1,1,Sandesh,Worst Book,Hate it,2023-06-25 00:59:33
373,36,2,2,2,Pavitra,Not Bad,Not Bad,2023-06-25 01:01:34
374,36,1,1,1,Aparna,Worst Book,Worst Book,2023-06-25 01:02:48
375,36,2,2,2,Mansa,Okay Not Bad,Okay Not Bad,2023-06-25 01:03:21
376,36,1,1,1,Danya,Not nice at all,"Not nice at all, Boring Book",2023-06-25 01:04:15
377,36,0,0,0,Samantha,Worst Book,Worst Book,2023-06-25 01:05:18
378,36,1,1,1,Vinedra,Worst Book,Sooo Boring,2023-06-25 01:05:53
379,36,3,3,3,Saathwik,Average Book,Average Book,2023-06-25 01:06:37
380,36,3,3,3,Nanda,Average Book,Average Book,2023-06-25 01:07:17
381,36,3,3,3,Vineeth,Average Book,Average Book,2023-06-25 01:09:50
382,36,3,3,3,Vidyashree,Average Book ,Average Book,2023-06-25 01:10:51
383,36,3,3,3,Vidwath,Average Book,Average Book,2023-06-25 01:11:30
384,36,3,3,3,Ameesha,Average Book,Average Book,2023-06-25 01:12:00
385,36,3,3,3,Vikram,Average Product,Average Product,2023-06-25 01:13:59
386,36,3,3,3,Nandesha,Average Product,Average Product,2023-06-25 01:14:37
387,36,1,1,1,Saakshi,Worst Book,Worst Book,2023-06-25 01:15:17
388,16,5,5,5,Divyakeerthi,Best Book,Best Book,2023-06-25 01:18:43
389,16,5,5,5,Srinivas,Amazing Book,Amazing Book,2023-06-25 01:19:22
390,16,5,5,5,Nityamma,Wonderful Book,Wonderful Book,2023-06-25 01:20:00
391,16,5,5,5,Manya,Amazing Book,Amazing Book,2023-06-25 01:20:36
392,16,5,5,5,Sangarsh,Best Book,Best Book,2023-06-25 01:21:07
393,16,5,5,5,Sunny,Best Book,Best Book,2023-06-25 01:21:36
394,16,5,5,5,Shanvi,Amazing Book,Amazing BOOK,2023-06-25 01:22:18
395,16,5,5,5,Shrika,Mind Blowing,Mind Blowing,2023-06-25 01:23:06
396,16,5,5,5,Harry,Wonderful Book,Wonderful Book,2023-06-25 01:24:24
397,16,5,5,5,Darren,Amazing,Amazing Book. Like it very much,2023-06-25 01:24:57
398,16,5,5,5,Sandesh,Best Book,Best Book,2023-06-25 01:28:38
399,16,5,5,5,Pavitra,Wonderful Book,Wonderful Book,2023-06-25 01:29:07
400,16,5,5,5,Aparna,Wonderful Book,Wonderful Book,2023-06-25 01:36:00
401,16,4,4,4,Danya,Good Book,Good Book,2023-06-25 01:36:44
402,16,4,4,4,Samantha,Good Book,Good Book,2023-06-25 01:37:26
403,16,4,4,4,Saathwik,Wonderful Book,Wonderful Book,2023-06-25 01:38:50
404,16,4,4,4,Vikram,Nice Book,Nice Book,2023-06-25 01:39:21
405,16,5,5,5,Nidya,Amazing Book,Amazing Book,2023-06-25 01:39:57
406,16,5,5,5,Saakshi,Amazing Book,Amazing Book,2023-06-25 01:40:27
407,16,5,5,5,Ameesha ,Amazing Book,Amazing Book,2023-06-25 01:41:34
408,16,4,4,4,Poorvi,Good Book,Good Book,2023-06-25 01:42:14
409,16,3,3,3,Zubair,Fine,Fine ,2023-06-25 01:42:34
410,16,5,5,5,Fathima,Wonderful Book,Wonderful Book,2023-06-25 01:44:13
411,16,5,5,5,Anupama,Wonderful Book,Wonderful Book,2023-06-25 01:45:19
412,16,3,3,3,Prashantha,Average Book,Average Book,2023-06-25 01:46:46
413,16,5,5,5,Pranam N,Wonderful Book,Wonderful Book,2023-06-25 01:47:18
414,123,1,1,1,Anupama,Worst Book,Worst Book,2023-06-25 01:50:33
415,123,1,1,1,Divyakeerthi,Worst Book,Worst Book,2023-06-25 01:51:06
416,123,1,1,1,Sangarsh,Worst Book,Worst Book,2023-06-25 01:51:31
417,123,1,1,1,Srinivas,Worst Book,Worst Book,2023-06-25 01:51:59
418,123,2,2,2,Ameesha,"Okay, Not BAD","Okay , Not Bad",2023-06-25 01:52:34
419,123,1,1,1,Poorvi,Worst Book,Worst Book,2023-06-25 01:53:05
420,123,2,2,2,Seena,Okay Not Bad,Okay Not Bad,2023-06-25 02:01:00
421,123,3,3,3,Fathima,Average Book,Average Book,2023-06-25 02:01:27
422,123,3,3,3,Sanaya,Average Book,Average Book,2023-06-25 02:02:08
423,123,3,3,3,Sangarsh,Average Book,Average Book,2023-06-25 02:02:37
424,123,3,3,3,Harry,Average Book,Average Book,2023-06-25 02:03:11
425,123,2,2,2,Aparna,"Okay, Not BAD","Okay, Not BAD",2023-06-25 02:07:30
426,123,2,2,2,Dimmy,"Okay, Not Bad","Okay, Not Bad",2023-06-25 02:08:23
427,123,2,2,2,Naveena,"Okay, Not BAD","Okay, Not BAD",2023-06-25 02:09:12
428,123,0,0,0,Pavitra,Worst Book,Worst Book,2023-06-25 02:10:09
429,123,5,5,5,manasa,Wonderful Novel,Wonderful Novel,2023-06-25 12:13:50
430,123,5,5,5,manya,Wonderful Novel,Wonderful Novel,2023-06-25 12:14:38
431,123,5,5,5,Pranam N,Mind Blowing,Mind Blowing,2023-06-25 12:15:13
432,123,2,2,2,Prashantha,Boring,Boring,2023-06-25 12:15:43
433,123,2,2,2,Danya,Boring Novel,Boring Novel,2023-06-25 12:17:10
434,123,5,5,5,Vineeth,Amazing Novel,Amazing Novel,2023-06-25 12:26:02
435,123,4,4,4,Vidyashree,Good Novel,Good Novel,2023-06-25 12:27:18
436,123,3,3,3,Singh,Average Novel,Average Novel,2023-06-25 12:28:02
437,123,2,2,2,Zubair,"Okay, Not Bad","Okay, Not BAD",2023-06-25 12:29:36
438,123,2,2,2,Saakshi,Okay Not BAD,"OKAY, Not BAD",2023-06-25 12:32:43
439,53,5,5,5,manasa,Wonderful Novel,Wonderful Novel,2023-06-25 12:36:36
440,53,2,2,2,manya,Boring Novel,Boring Novel,2023-06-25 12:37:15
441,53,4,4,4,Pranam N,Good Novel,Good Novel,2023-06-25 12:37:45
442,53,5,5,5,Prashantha,Amazing Novel,Amazing Novel,2023-06-25 12:38:23
443,53,4,4,4,Divyakeerthi,Good Novel,Good Novel,2023-06-25 12:38:58
444,53,5,5,5,Srinivas,Wow very much exciting Novel,Wow very much exciting Novel,2023-06-25 12:39:33
445,53,5,5,5,Anupama,Best Novel,Best Novel,2023-06-25 12:40:50
446,53,4,4,4,Seena,Good Novel,Good Novel,2023-06-25 12:41:25
447,53,5,5,5,Fathima,Amazing,Amazing,2023-06-25 12:41:57
448,53,5,5,5,Sanaya,Mind Blowing,Mind Blowing,2023-06-25 12:43:09
449,53,5,5,5,sangarsh,Wonderful Novel,Wonderful Novel,2023-06-25 12:47:04
450,53,4,4,4,Naveena,Good Novel,Good Novel,2023-06-25 12:47:36
451,53,5,5,5,Manya,Best Novel,Best Novel,2023-06-25 12:52:42
452,53,3,3,3,Sunny,Average Novel,Average Novel,2023-06-25 12:53:12
453,53,5,5,5,Shanvi,Wonderful Novel,Wonderful Novel,2023-06-25 12:55:26
454,53,5,5,5,Shrika,Best Novel,Best Novel,2023-06-25 12:55:58
455,53,5,5,5,Dimmy,Wonderful Novel,Wonderful Novel,2023-06-25 12:56:38
456,53,5,5,5,Harry,Wonderful Novel,Wonderful Novel,2023-06-25 12:57:14
457,53,5,5,5,Sandesh,Amazing Novel,Amazing Novel,2023-06-25 12:58:35
458,53,5,5,5,Pavitra,Wonderful Novel,Wonderful Novel,2023-06-25 12:59:32
459,53,5,5,5,aparna,Mind Blowing,Mind Blowing,2023-06-25 13:00:09
460,53,5,5,5,Mansa,Fantastic Creation,Fantastic Creation,2023-06-25 13:01:13
461,53,5,5,5,Danya,Mind Blowing,Mind Blowing,2023-06-25 13:01:50
462,53,5,5,5,Samantha,Best Novel,Best Novel,2023-06-25 13:02:37
463,53,4,4,4,Vinedra,Good Novel,Good Novel,2023-06-25 13:03:06
464,122,5,5,5,Poorvi,Amazing Scary Novel,Amazing Scary Novel,2023-06-25 13:05:16
465,122,5,5,5,Zubair,"Scary Novel, Best Novel","Scary Novel, Best Novel",2023-06-25 13:05:57
466,122,5,5,5,Singh,Best Novel,Best Novel,2023-06-25 13:06:30
467,122,5,5,5,Maanyata,Wonderful Novel,Wonderful Novel,2023-06-25 13:07:05
468,122,5,5,5,Saakshi,Best Novel,Best Novel,2023-06-25 13:27:23
469,122,5,5,5,Nidya,Wonderful Novel,Wonderful Novel,2023-06-25 13:42:36
470,122,5,5,5,Nandesha,Best novel,Best Novel,2023-06-25 13:43:10
471,122,5,5,5,Vikram,Best Novel,Best Novel,2023-06-25 13:44:31
472,122,3,3,3,Ameesha,Average Writing,Average Writing,2023-06-25 13:45:04
473,122,2,2,2,Vidwath,Okay Not BAD,Okay NOT BAD,2023-06-25 13:45:40
474,122,2,2,2,Vidayshree,"Okay, Not Bad","Okay, Not BAD",2023-06-25 13:46:18
475,122,1,1,1,Vineeth,Worst Book,Worst Book,2023-06-25 13:46:59
476,122,1,1,1,Nanda,Worst Book,Worst Book,2023-06-25 13:47:27
477,122,5,5,5,Saathwik,Best Novel,Best Novel,2023-06-25 13:47:59
478,122,4,4,4,Vinedra,Good Novel,Good Novel,2023-06-25 13:48:29
479,122,3,3,3,Samantha,Average Writing,Average Writing,2023-06-25 13:49:13
480,122,2,2,2,Manasa,Boring,Boring,2023-06-25 13:49:44
481,122,3,3,3,manya,Average Writing,Average Writing,2023-06-25 13:50:28
482,122,4,4,4,Pranam N,Good Novel,Good Novel,2023-06-25 13:50:59
483,122,4,4,4,Prashantha,Good Novel,Good Novel,2023-06-25 13:51:29
484,122,0,0,0,Srinivas,Best Amazing Novel,Best Novel Novel,2023-06-25 13:52:02
485,122,2,2,2,Nityamma,"Okay, Not BAD","oKAY, Not BAD",2023-06-25 13:55:20
486,122,3,3,3,Anupama,Average Novel,Average Novel,2023-06-25 13:56:09
487,122,5,5,5,Seena,Wonderful Novel,Wonderful Novel,2023-06-25 13:56:43
488,122,5,5,5,Fathima,Wonderful Novel,Wonderful Novel,2023-06-25 13:57:31
489,122,1,1,1,Sanaya,Worst Novel,Worst Novel,2023-06-25 14:02:23
490,130,5,5,5,poorvi,Amazing Novel,Amazing Novel,2023-06-25 14:03:47
491,130,5,5,5,Zubair,Enjoyed Reading it,Enjoyed Reading it,2023-06-25 14:04:35
492,130,5,5,5,Singh,Wonderful Novel,Wonderful Novel,2023-06-25 14:06:38
493,130,5,5,5,Maanyata,Wonderful Novel ,Wonderful Novel,2023-06-25 14:08:22
494,130,5,5,5,Saakshi,Amazing Novel,Amazing Novel,2023-06-25 16:03:31
495,130,1,1,1,Nidya,Not nice at all,Not nice at all,2023-06-25 16:04:09
496,130,5,5,5,Nandesha,Mind Blowing,Mind Blowing,2023-06-25 16:04:40
497,130,2,2,2,Vikram,Boring ,Boring,2023-06-25 16:05:07
498,130,5,5,5,Ameesha,Crazy ,Crazy,2023-06-25 16:05:50
499,130,5,5,5,Vidwath,Wonderful Novel,Wonderful Novel,2023-06-25 16:06:31
500,130,5,5,5,Vidyashree,Best Novel,Best Novel,2023-06-25 16:09:33
501,130,1,1,1,Vineeth,Worst Novel,Worst Novel,2023-06-25 16:10:03
502,130,0,0,0,Nanda,Didnt Like it,Didnt Like it,2023-06-25 16:10:30
503,130,0,0,0,Saathwik,Amazing Novel,Amazing Novel,2023-06-25 16:10:55
504,130,2,2,2,Vinedra,Boring,Boring,2023-06-25 16:11:35
505,130,0,0,0,Samantha,Worst Novel,Worst Novel,2023-06-25 16:12:08
506,130,5,5,5,manasa,MIND BLOWING,MIND BLOWING,2023-06-25 16:12:45
507,130,4,4,4,manya,Good Novel,Good Novel,2023-06-25 16:13:13
508,130,3,3,3,Pranam N,Average Novel,Average Novel,2023-06-25 16:13:45
509,130,1,1,1,Naveena,Worst Novel,Worst Novel,2023-06-25 16:14:15
510,130,5,5,5,Shrika,Best Novel,Best Novel,2023-06-25 16:15:02
511,130,4,4,4,Sandesh,Good Novel,Good Novel,2023-06-25 16:15:54
512,130,4,4,4,Pavitra,Good Novel,Good Novel,2023-06-25 16:16:27
513,130,2,2,2,aparna,Boring,Boring,2023-06-25 16:17:01
514,130,5,5,5,Danya,Wonderful Novel,Wonderful Novel,2023-06-25 16:17:33
515,1,5,5,5,Amritha,Best product,Best product,2023-06-25 17:52:59
516,1,5,5,5,Nabhan,Amazing product,Amazing product,2023-06-25 17:53:29
517,1,3,3,3,Keerthina,Too Costly,Too Costly,2023-06-25 17:53:54
518,1,4,4,4,Malissa,Good Product,Good Product,2023-06-25 17:54:53
519,1,5,5,5,Derryl,Amazing Product,Amazing product,2023-06-25 17:55:20
520,1,5,5,5,Vineeth,Best product,Best product,2023-06-25 17:55:41
521,1,1,1,1,Nanda,Worst product and too costly,Worst Product and it is too costly,2023-06-25 21:52:26
522,1,5,5,5,Saathwik,Best Novel,Best Novel,2023-06-25 21:57:43
523,1,4,4,4,Vinedra,Good Product,Good product,2023-06-25 21:58:54
524,1,2,2,2,Samantha,Okay not bad,Okay Not BAD,2023-06-25 22:00:59
525,1,4,4,4,manasa,Good product,Good Product,2023-06-25 22:01:44
526,1,3,3,3,manya,Nice product,Nice product,2023-06-25 22:02:15
527,1,5,5,5,Pranama N,Very nice product,Very nice product,2023-06-25 22:02:55
528,1,2,2,2,Prashantha,Okay Not bad,Okay Not BAD,2023-06-25 22:04:33
529,1,2,2,2,Divyakeerthi,"Okay, Not BAD","Okay, NOT BAD",2023-06-25 22:05:08
530,1,2,2,2,Srinivas,"Okay, Not BAD","Okay, Not BAD",2023-06-25 22:05:37
531,1,4,4,4,Nityamma,Good product,Good product,2023-06-25 22:07:15
532,1,1,1,1,Anupama,Very good product,Very good product,2023-06-25 22:08:03
533,1,5,5,5,Seena,Very nice product,Very nice product,2023-06-25 22:08:38
534,1,1,1,1,Fathima,Worst product Didnt like it,Worst product Didnt like it,2023-06-25 22:09:33
535,1,5,5,5,Sanaya,Very nice product,Very nice product,2023-06-25 22:10:11
536,1,3,3,3,sangarsh,Average product,Average product,2023-06-25 22:11:40
537,1,1,1,1,Naveena,Worst Product,Worst Product,2023-06-25 22:12:55
538,1,4,4,4,Sunny,Good Novel,Good Novel,2023-06-25 22:13:29
539,1,5,5,5,Shanvi,Very very nice product,Very very nice product,2023-06-25 22:14:07
540,28,1,1,1,manasa,Worst product,Worst product,2023-06-25 22:30:35
541,28,1,1,1,manya,Bad Quality,Bad Quality,2023-06-25 22:31:07
542,28,1,1,1,Pranam N,Bad Quality,Bad Quality,2023-06-25 22:31:55
543,28,2,2,2,Prashantha,Not nice at all,Not nice at all,2023-06-25 22:32:40
544,28,2,2,2,Divyakeerthi,Bad Quality,Bad Quality,2023-06-25 22:33:15
545,28,3,3,3,Sanaya,Average Product,Average product,2023-06-25 22:44:24
546,28,3,3,3,saathwik,Average product,Average product,2023-06-25 22:45:05
547,28,1,1,1,sangarsh,Bad Quality,Bad Quality,2023-06-25 22:45:35
548,28,3,3,3,Shrika,Average Product,Average Product,2023-06-25 22:46:06
549,28,1,1,1,Dimmy,Worst Product,Worst Product,2023-06-25 22:46:44
550,28,2,2,2,Harry,Not BAD,Not BAD,2023-06-25 22:47:06
551,28,3,3,3,Sandesh,Average Product,Average Product,2023-06-25 22:48:17
552,28,4,4,4,Pavitra,Good product,Good product,2023-06-25 22:48:54
553,28,4,4,4,aparna,Good product,Good product,2023-06-25 22:49:20
554,28,2,2,2,Danya,"Okay, Not BAD","Okay, NOT bad",2023-06-25 22:49:58
555,28,1,1,1,Mansa,Worst product,Worst product,2023-06-25 22:50:30
556,28,4,4,4,Amrita,Good product,Good product,2023-06-25 22:51:21
557,28,2,2,2,Nabhan,"Okay, Not BAD","Okay,not BAD",2023-06-25 22:51:58
558,28,1,1,1,Gauthami,Worst product,Worst product,2023-06-25 22:52:33
559,28,3,3,3,Derryl,Average product,Average product,2023-06-25 22:53:11
560,28,4,4,4,Poorvi,Nice product,Nice product,2023-06-25 22:54:00
561,28,2,2,2,Zubair,"Okay, Not BAD","Okay, Not BAD",2023-06-25 22:54:28
562,28,4,4,4,Singh,Good product,Good product,2023-06-25 22:55:15
563,28,4,4,4,Maanyata,Good product,Good product,2023-06-25 22:55:41
564,27,5,5,5,Nabhan,Good screen guard,Nice screen guard,2023-06-25 23:00:48
565,27,5,5,5,Gauthami,Loved it,Loved it,2023-06-25 23:01:11
566,27,5,5,5,Amrita,Very Beautiful,Very Beautiful,2023-06-25 23:01:46
567,27,5,5,5,Keerthina,Wonderful,Wonderful,2023-06-25 23:02:10
568,27,5,5,5,Shrika,Beautiful Colr,Beautiful Color,2023-06-25 23:02:52
569,27,5,5,5,Shanvi,I liked it very much,I liked it very much,2023-06-25 23:03:28
570,27,5,5,5,manasa,Good product,Good product,2023-06-25 23:04:05
571,27,5,5,5,Pranam N,Wonderful product,Wonderful product,2023-06-25 23:04:40
572,27,5,5,5,Naveena,Correctly fits my phone,Correctly fits my phone,2023-06-25 23:05:28
573,27,5,5,5,Sunny ,Loved the color very much,Loved the color very much,2023-06-25 23:06:14
574,27,4,4,4,Dimmy,Good product,Good product,2023-06-25 23:06:49
575,27,4,4,4,Darren,Liked it very much,Liked it very much,2023-06-25 23:07:20
576,27,2,2,2,Pavitra,OKAY,OKAY,2023-06-25 23:07:57
577,27,4,4,4,aparna,Good product,Good product,2023-06-25 23:08:22
578,27,5,5,5,Harry,Wonderful,Wonderful,2023-06-25 23:08:49
579,27,2,2,2,Fathima,OKAY,OKAY,2023-06-25 23:09:20
580,27,5,5,5,Seena,Wonderful,Wonderful,2023-06-25 23:09:43
581,27,5,5,5,manya,Wonderful,Wonderful,2023-06-25 23:10:50
582,27,4,4,4,Srinivas,Good product,Good product,2023-06-25 23:11:24
583,27,5,5,5,Sandesh,Wonderful,Wonderful,2023-06-25 23:12:00
584,27,4,4,4,Anupama,Very Good product,Very good product,2023-06-25 23:21:46
585,27,4,4,4,Vikram,Nice product,Nice product,2023-06-25 23:22:59
586,27,4,4,4,Vidwath,Good product,Good product,2023-06-25 23:23:25
587,27,4,4,4,Vidyashree,Very Nice product,Very Nice product,2023-06-25 23:23:54
588,27,5,5,5,Ameesha,Good product,Wonderful,2023-06-25 23:24:26
589,30,5,5,5,Rashika,Wonderful product,Wonderful product,2023-06-25 23:31:37
590,30,4,4,4,Shazin,Good product,Good product,2023-06-25 23:33:44
591,30,5,5,5,Abhishek,Wonderful Product,Wonderful Product,2023-06-25 23:34:18
592,30,5,5,5,Jasmine,Good camera Quality,Good Camera Quality,2023-06-25 23:35:10
593,30,2,2,2,Shwetha,"Okay,Not BAD","Okay, Not BAD",2023-06-25 23:35:41
594,30,5,5,5,Prakyath,Amazing Camera Quality,Amazing Camera Quality,2023-06-25 23:36:19
595,30,4,4,4,Amrita,Nice product,Nice product,2023-06-25 23:36:48
596,30,3,3,3,Nabhan,Average Product,Average Product,2023-06-25 23:37:14
597,30,3,3,3,Gauthami,Average product,Average product,2023-06-25 23:37:46
598,30,5,5,5,Divyakeerthi,Good Camera Quality,Good Camera Quality,2023-06-25 23:38:16
599,30,5,5,5,Shrika,Best product,Best product,2023-06-25 23:38:54
600,30,2,2,2,Vineetha,Very Short In Length,Very short In length,2023-06-25 23:39:29
601,30,3,3,3,Vidwath,Average product,Average product,2023-06-25 23:39:56
602,30,5,5,5,Vidyashree,Amazing product,Amazing product,2023-06-25 23:40:38
603,30,4,4,4,Saakshi,Good product,Good product,2023-06-25 23:41:10
604,30,5,5,5,Maanyata,Very nice product,Very nice product,2023-06-25 23:41:39
605,30,5,5,5,Shanvi,Mind Blowing,Mind blowing,2023-06-25 23:42:05
606,30,5,5,5,Seena,Amazing product,Amazing product,2023-06-25 23:42:31
607,30,4,4,4,Nadesha,Good product,Good product,2023-06-25 23:43:16
608,30,1,1,1,Ameesha,Worst product,Worst product,2023-06-25 23:43:39
609,30,4,4,4,Vikram,Beautiful Camera Quality,Beautiful Camera Quality,2023-06-25 23:44:20
610,30,5,5,5,Anupama,Beautiful,Beautiful,2023-06-25 23:45:32
611,30,4,4,4,Nityamma,Good product,Good product,2023-06-25 23:46:00
612,30,5,5,5,Pranam N,Wonderful,Wonderful,2023-06-25 23:46:23
613,30,5,5,5,Srinivas,Best product,Best product,2023-06-25 23:47:04
614,112,1,1,1,manasa,Worst headset,Worst headset,2023-06-26 09:54:36
615,112,1,1,1,manya,worst headset,worst headset,2023-06-26 09:55:09
616,112,2,2,2,Pranam N,"OKAY, not BAD","OKAY, not BAD",2023-06-26 09:55:46
617,112,2,2,2,Prashantha,"Okay,not BAD","Okay, not BAD",2023-06-26 09:56:19
618,112,3,3,3,Divyakeerthi,Average product,Average product,2023-06-26 09:56:55
619,112,2,2,2,Nityamma,"Okay, Not bad","Okay, Not bad",2023-06-26 09:57:29
620,112,4,4,4,Anupama,Nice product,Nice product,2023-06-26 09:58:11
621,112,1,1,1,Seena,Not able to hear properly,Not able to hear properly,2023-06-26 09:59:00
622,112,1,1,1,Fathima,Worst Product,Worst Product,2023-06-26 09:59:37
623,112,1,1,1,Sanaya,Worst product,Worst product,2023-06-26 10:00:05
624,112,4,4,4,sangarsh,Good product,Good product,2023-06-26 10:00:34
625,112,4,4,4,Naveena,Good product,Good product,2023-06-26 10:01:08
626,112,2,2,2,sunny,"Okay, Not BAD","okay, not BAD",2023-06-26 10:01:42
627,112,2,2,2,Shanvi,"Okay, not BAD","Okay, not BAD",2023-06-26 10:02:26
628,112,4,4,4,Shrika,Nice product,Nice product,2023-06-26 10:03:46
629,112,4,4,4,Dimmy,Good product,Good product,2023-06-26 10:04:16
630,112,1,1,1,Harry,Worst product,Worst product,2023-06-26 10:04:47
631,112,4,4,4,Darren,Good product,Good product,2023-06-26 10:05:18
632,112,4,4,4,Sandesh,Good product,Good product,2023-06-26 10:05:48
633,112,1,1,1,Pavitra,Worst product,Worst product,2023-06-26 10:06:17
634,112,4,4,4,aparna,Good product,Good product,2023-06-26 10:06:45
635,112,4,4,4,Danya,Good product,Good product,2023-06-26 10:07:18
636,112,1,1,1,Nanda,Worst headset,Worst headset,2023-06-26 10:09:13
637,112,2,2,2,Vineeth,"Okay, Not Bad","Okay, Not BAD",2023-06-26 10:09:41
638,112,1,1,1,Vikram,Worst headset,Worst Headset,2023-06-26 10:10:41
639,114,5,5,5,Rashika,Nice product,Nice product,2023-06-26 10:12:26
640,114,5,5,5,Shazin,Very good product,Very good product,2023-06-26 10:13:51
641,114,4,4,4,Abhishek,Good storage,Good storage,2023-06-26 10:14:23
642,114,4,4,4,Saakshi,Good product,Good storage capacity,2023-06-26 10:15:07
643,114,4,4,4,Maanyata,Very good product,Very good product,2023-06-26 10:15:40
644,114,3,3,3,Singh,Average product,Average product,2023-06-26 10:16:09
645,114,5,5,5,Zubair,Price was according to the quality ,Price was according to the quality of the product,2023-06-26 10:16:50
646,114,4,4,4,Poorvi,Nice product,Nice product,2023-06-26 10:17:29
647,114,4,4,4,Derryl,Good product,Good product,2023-06-26 10:17:55
648,114,4,4,4,Nabhan,Good product,Good product,2023-06-26 10:18:23
649,114,5,5,5,Keerthina ,Amazing product,Amazing product,2023-06-26 10:18:55
650,114,5,5,5,Malissa,Amazing product,Amazing product,2023-06-26 10:19:26
651,114,4,4,4,Gauthami,Good product,Good product,2023-06-26 10:19:55
652,114,4,4,4,Amrita,Good product,Good product,2023-06-26 10:20:26
653,114,4,4,4,Prakyath,Good product,Good product,2023-06-26 10:20:57
654,114,1,1,1,Jasmine,Worst product too costly,Worst product too costly,2023-06-26 10:21:39
655,114,2,2,2,Shwetha,"Okay, Not bad","Okay, Not BAD",2023-06-26 10:22:13
656,114,4,4,4,Vidyashree,Nice product,Nice product,2023-06-26 10:22:59
657,114,4,4,4,Samantha,Good product,Good product,2023-06-26 10:23:46
658,114,0,0,0,Ameesha,Amazing product,Amazing product,2023-06-26 10:24:30
659,114,5,5,5,Nidya,Amazing product,Amazing product,2023-06-26 10:25:06
660,114,5,5,5,Srinivas,WONDERFUL,WONDERFUL,2023-06-26 10:26:19
661,114,5,5,5,Vikram,Nice product,Nice product,2023-06-26 10:27:12
662,114,4,4,4,Vineeth,Very good product,Very good product,2023-06-26 10:28:12
663,114,4,4,4,Vidwath,Good product,Good product,2023-06-26 10:29:58
664,119,5,5,5,Vinodaa,Very good memory card,very good memory card,2023-06-26 10:37:34
665,119,5,5,5,Divya,Good memory card,Good memory card,2023-06-26 10:38:12
666,119,5,5,5,Anusha,Very nice product,Very nice product,2023-06-26 10:39:07
667,119,4,4,4,Zulfa,Good product,Good product,2023-06-26 10:39:38
668,119,4,4,4,Safwan,Good product,Good product,2023-06-26 10:40:06
669,119,5,5,5,Adil,Amazing product,Amazing product,2023-06-26 10:40:36
670,119,1,1,1,Rashika,Worst memory card,Worst memory card,2023-06-26 10:41:14
671,119,0,0,0,Shazin,Worst memory card,Worst memory card,2023-06-26 10:41:45
672,119,2,2,2,Abhishek,"Okay, Not bad","Okay, not bad",2023-06-26 10:42:18
673,119,2,2,2,Samantha,"Okay, Not bad","Okay, Not bad",2023-06-26 10:43:01
674,119,4,4,4,Vinedra,Nice product,Nice product,2023-06-26 10:43:31
675,119,1,1,1,Saathwik,Worst memory card,Worst memory card,2023-06-26 10:44:12
676,119,1,1,1,Nanda,Worst Memory card,Worst memory card,2023-06-26 10:44:56
677,119,2,2,2,Vineetha,Not good at all,Not good at all,2023-06-26 10:45:29
678,119,2,2,2,Vidyashree,Not good at all,Not good at all,2023-06-26 10:46:07
679,119,2,2,2,Vidwath,Not good at all,Not good at all,2023-06-26 10:58:01
680,119,1,1,1,Ameesha,Worst product,Worst product,2023-06-26 10:58:36
681,119,2,2,2,Vikram,"Okay , Not bad",Okay Not bad,2023-06-26 10:59:17
682,119,3,3,3,Nandesha,Fine,Fine,2023-06-26 10:59:47
683,119,3,3,3,Nidya,Average product,Average product,2023-06-26 11:00:32
684,119,3,3,3,Saakshi,Average product,Average product,2023-06-26 11:01:09
685,119,1,1,1,Maanyata,Worst product,Worst product,2023-06-26 11:01:38
686,119,3,3,3,Singh,Fine,Fine,2023-06-26 11:02:20
687,119,3,3,3,Zubair,Fine,Fine,2023-06-26 11:02:43
688,119,3,3,3,Poorvi,Good product,Good product,2023-06-26 11:03:07
689,51,5,5,5,Abhishek,Wonderful product,Wonderful product,2023-06-26 11:08:27
690,51,5,5,5,Shazin,Best product,Best product,2023-06-26 11:08:53
691,51,4,4,4,Rashika,Best product,Best product,2023-06-26 11:09:22
692,51,5,5,5,Adil,Best product,Best product,2023-06-26 11:09:51
693,51,5,5,5,Safwan,Nice product,Nice product,2023-06-26 11:10:19
694,51,4,4,4,Zulfa,Good product,Good product,2023-06-26 11:10:53
695,51,5,5,5,Anusha,Amazing product,Amazing product,2023-06-26 11:11:27
696,51,5,5,5,Divya,Wonderful,Wonderful,2023-06-26 11:11:53
697,51,5,5,5,Vinodaa,Very good product,Very good product,2023-06-26 11:12:28
698,51,4,4,4,Samantha,Nice product,Nice product,2023-06-26 11:13:12
699,51,5,5,5,Vinedra,Amazing product,Amazing product,2023-06-26 11:13:42
700,51,4,4,4,Saathwik,Good product,Good product,2023-06-26 11:14:24
701,51,5,5,5,Nanda,Amazing product,Amazing product,2023-06-26 11:14:52
702,51,4,4,4,Vineeth,Good product,Good product,2023-06-26 11:15:17
703,51,4,4,4,Vidyashree,Good product,Good product,2023-06-26 11:15:56
704,51,4,4,4,Vidwath,Good product,Good product,2023-06-26 11:16:42
705,51,5,5,5,Ameesha,Nice product,Nice product,2023-06-26 11:17:20
706,51,5,5,5,Vikram,Wonderful,Wonderful,2023-06-26 11:17:57
707,51,5,5,5,Nandesha,Very nice product,Very nice product,2023-06-26 11:20:03
708,51,5,5,5,Nidya,Wonderful,Wonderful,2023-06-26 11:20:49
709,51,4,4,4,Saakshi,Best product,Best product,2023-06-26 11:21:20
710,51,4,4,4,Maanyata,Good product,Good product,2023-06-26 11:22:06
711,51,4,4,4,Singh,Wonderful,Wonderful,2023-06-26 11:22:36
712,51,1,1,1,Zubair,Worst product,Worst product,2023-06-26 11:23:14
713,51,1,1,1,Poorvi,Worst product,Worst product,2023-06-26 11:25:01
714,111,3,3,3,manasa,Average product,Average product,2023-06-26 11:32:54
715,111,3,3,3,manya,Average product,Average product,2023-06-26 11:37:10
716,111,2,2,2,Pranam N,okay Not bad,okay Not bad,2023-06-26 11:37:46
717,111,2,2,2,Prashantha,"Okay, Not BAD","Okay, Not BAD",2023-06-26 11:39:21
718,111,1,1,1,Divyakeerthi,Worst product,Worst product,2023-06-26 11:39:58
719,111,1,1,1,Srinivas,Worst product,Worst product,2023-06-26 11:40:26
720,111,5,5,5,Nityamma,Wonderful,Wonderful,2023-06-26 11:40:59
721,111,4,4,4,Anupama,Good product,Good product,2023-06-26 11:42:01
722,111,5,5,5,Seena,Very Nice product,Very nice product,2023-06-26 11:42:45
723,111,2,2,2,Fathima,"Okay, Not BAD","oKAY, not BAD",2023-06-26 11:43:22
724,111,1,1,1,Sanaya,Worst product,Worst product,2023-06-26 11:43:56
725,111,1,1,1,sangarsh,Worst product,Worst product,2023-06-26 11:45:39
726,111,2,2,2,Naveena,"Okay, Not bad","Okay, Not bad",2023-06-26 11:46:10
727,111,1,1,1,Manya,Worst product,Worst product,2023-06-26 11:46:50
728,111,4,4,4,sunny,Nice product,Nice product,2023-06-26 11:47:18
729,111,2,2,2,Shanvi,"Okay, Not bad","Okay, Not bad",2023-06-26 11:47:59
730,111,4,4,4,Shrika,Nice product,Nice product,2023-06-26 11:48:33
731,111,1,1,1,Dimmy,Bad product,Bad product,2023-06-26 11:49:21
732,111,1,1,1,Harry,Worst product,Worst product,2023-06-26 11:50:16
733,111,1,1,1,Darren,Bad product,Bad product,2023-06-26 11:50:57
734,111,1,1,1,Sandesh,Worst product,Worst product,2023-06-26 11:51:22
735,111,0,0,0,Pavitra,Waste of money,Waste of money,2023-06-26 11:52:47
736,111,2,2,2,aparna,Okay,Okay,2023-06-26 11:53:33
737,111,2,2,2,Mansa,Okay,Okay,2023-06-26 11:53:58
738,111,2,2,2,Danya,Not bad,Not bad,2023-06-26 11:54:25
739,111,4,4,4,Samantha,Good product,Good product,2023-06-26 11:55:00
740,47,5,5,5,Vinedra,Nice Ear buds,Nice Ear buds,2023-06-26 11:57:39
741,47,5,5,5,Saathwik,Sooo Goood,Sooo Good,2023-06-26 11:58:14
742,47,5,5,5,Nanda,Very good ear buds,Very good ear buds,2023-06-26 11:58:45
743,47,5,5,5,Vineeth,I can Hear songs perfectly,I can hear songs perfectly,2023-06-26 11:59:23
744,47,4,4,4,Vidyashree,Soo goood,Soo good,2023-06-26 12:12:39
745,47,4,4,4,Vidwath,Good product,Good product,2023-06-26 12:13:10
746,47,4,4,4,Ameesha,Nice product,Nice product,2023-06-26 12:13:42
747,47,4,4,4,Vikram,Nice product,Nice product,2023-06-26 12:14:21
748,47,4,4,4,Nandesha,Good product,Good product,2023-06-26 12:14:56
749,47,4,4,4,Nidya,Good product,Good product,2023-06-26 12:15:35
750,47,4,4,4,Saakshi,Nice product,Nice product,2023-06-26 12:16:04
751,47,4,4,4,Maanyata,Good product,Good product,2023-06-26 12:16:46
752,47,1,1,1,Singh,Worst ,Worst,2023-06-26 12:17:09
753,47,5,5,5,Zubair,Amazing product,Amazing product,2023-06-26 12:17:51
754,47,4,4,4,Poorvi,Good product,Good product,2023-06-26 12:18:30
755,47,5,5,5,Derryl,Wonderful,Wonderful,2023-06-26 12:18:58
756,47,4,4,4,Nabhan,Good product,Good product,2023-06-26 12:19:40
757,47,2,2,2,Keerthina,"Okay, Not BAD","Okay, Not BAD",2023-06-26 12:20:15
758,47,4,4,4,Malissa,Nice product,Nice product,2023-06-26 12:21:35
759,47,1,1,1,Gauthami,Worst product,Worst product,2023-06-26 12:22:07
760,47,5,5,5,Amrita,Very nice product,Very nice product,2023-06-26 12:24:39
761,47,2,2,2,Prakhyath,"Okay, Not bad","Okay, Not BAD",2023-06-26 12:25:13
762,47,1,1,1,Shwetha,Worst product,Worst product,2023-06-26 12:25:58
763,47,4,4,4,Jasmine,Nice product,Nice product,2023-06-26 12:26:26
764,17,5,5,5,manasa,Good product,Good product,2023-06-26 12:30:01
765,17,5,5,5,manya,Best product,Best product,2023-06-26 12:30:31
766,17,3,3,3,Pranam N ,Average product,Average product,2023-06-26 12:31:01
767,17,5,5,5,Prashantha,Very Nice product,Very Nice product,2023-06-26 12:33:36
768,17,2,2,2,Divyakeerthi,Okay Not bad,Okay Not bad,2023-06-26 12:34:23
769,17,1,1,1,Srinivas,Worst product,Worst product,2023-06-26 12:35:02
770,17,4,4,4,Nityamma,Good product,Good product,2023-06-26 12:35:34
771,17,5,5,5,Anupama,Amazing product,Amazing product,2023-06-26 12:36:05
772,17,3,3,3,Seena,Average product,Average product,2023-06-26 12:36:42
773,17,5,5,5,Fathima,Wonderful,Wonderful,2023-06-26 12:37:18
774,17,1,1,1,Sanaya,Worst product,Worst product,2023-06-26 12:37:54
775,17,2,2,2,sangarsh,"Okay, Not bad","Okay, not bad",2023-06-26 12:38:26
776,17,1,1,1,Naveena,Worst product,Worst product,2023-06-26 12:40:54
777,17,3,3,3,Manya,Average product,Average product,2023-06-26 12:41:25
778,17,5,5,5,sunny,Amazing product,Amazing product,2023-06-26 12:42:13
779,17,4,4,4,Shanvi,Good product,Good product,2023-06-26 12:42:43
780,17,1,1,1,Shrika,Worst product,Worst product,2023-06-26 12:43:18
781,17,2,2,2,Dimmy,"Okay, Not bad","Okay, Not bad",2023-06-26 12:43:47
782,17,4,4,4,Harry,Nice product,Nice product,2023-06-26 12:44:16
783,17,4,4,4,Darren,Good product,Good product,2023-06-26 12:51:30
784,17,5,5,5,Sandesh,Best product,Best product,2023-06-26 12:52:29
785,17,1,1,1,Pavitra,Worst product,Worst product,2023-06-26 12:53:31
786,17,5,5,5,aparna,Best product,Best product,2023-06-26 12:57:07
787,17,4,4,4,Mansa,Good product,Good product,2023-06-26 12:58:15
788,17,5,5,5,Danya,Amazing Product,Amazing product,2023-06-26 12:58:47
789,33,5,5,5,Abhishek,Good product,Good product,2023-06-26 13:20:14
790,33,5,5,5,Shazin,Amazing,Amazing,2023-06-26 13:20:41
791,33,1,1,1,Rashika,Worst product,Worst product,2023-06-26 13:21:12
792,33,4,4,4,Adil,Good product,Good product,2023-06-26 13:21:41
793,33,5,5,5,Safwan,Amazing product,Amazing product,2023-06-26 13:22:13
794,33,2,2,2,Zulfa,"Okay, Not BAD","Okay, Not BAD",2023-06-26 13:22:44
795,33,1,1,1,Anusha,Worst product,Worst product,2023-06-26 13:23:14
796,33,4,4,4,Divya,Good product,Good product,2023-06-26 13:23:50
797,33,5,5,5,Vinodaa,Amazing product,Amazing product,2023-06-26 13:24:27
798,33,1,1,1,Jasmine,Worst product,Worst product,2023-06-26 13:25:15
799,33,2,2,2,Shwetha,"Okay, Not bad","Okay, Not Bad",2023-06-26 13:25:47
800,33,2,2,2,Prakyath,"Okay, Not Bad","Okay, Not BAD",2023-06-26 13:26:50
801,33,3,3,3,Amritha,Fine,Fine,2023-06-26 13:27:30
802,33,4,4,4,Gauthami,Nice product,Nice product,2023-06-26 13:28:02
803,33,5,5,5,Malissa,Amazing product,Amazing product,2023-06-26 13:28:48
804,33,5,5,5,keerthina,Amazing product,Amazing product,2023-06-26 13:29:32
805,33,0,0,0,Nabhan,"What is this , nonsense","What is this , nonsense",2023-06-26 13:30:31
806,33,4,4,4,Derryl,Amazing product,Amazing product,2023-06-26 13:31:02
807,33,4,4,4,Poorvi,Good product,Good product,2023-06-26 13:31:59
808,33,4,4,4,Zubair,Good product,Good product,2023-06-26 13:34:13
809,33,1,1,1,Singh,Worst product,Worst product,2023-06-26 13:34:46
810,33,2,2,2,Maanyata,"Okay, Not BAD","Okay, Not BAD",2023-06-26 13:35:18
811,33,2,2,2,Saakshi,"Okay, Not bad","Okay, Not bad",2023-06-26 13:38:47
812,33,5,5,5,Nidya,Wonderful,Wonderful,2023-06-26 13:39:16
813,33,3,3,3,Nandesha,fine,Fine,2023-06-26 13:40:25
814,59,5,5,5,Kendra,"Best sofa, comfortable to sit","Best sofa, Comfortable to sit",2023-06-26 13:49:52
815,59,5,5,5,Deepak,Amazing sofa,Amazing sofa,2023-06-26 13:50:29
816,59,5,5,5,Santhosha,Comfortable to sit,Comfortable to sit,2023-06-26 14:13:58
817,59,5,5,5,Milind,Amazing sofa,Amazing Sofa,2023-06-26 14:14:29
818,59,4,4,4,Jovita,Nice sofa,Nice sofa,2023-06-26 14:14:53
819,59,5,5,5,Vinodaa,Wonderful sofa,Wonderful sofa,2023-06-26 14:15:22
820,59,5,5,5,Divya,Amazing sofa,Amazing sofa,2023-06-26 14:15:58
821,59,5,5,5,Anusha,Best sofa,Best sofa,2023-06-26 14:16:37
822,59,4,4,4,Zulfa,Comfortable to sit,Comfortable to sit,2023-06-26 14:17:10
823,59,5,5,5,Safwan,Amazing sofa,Amazing sofa,2023-06-26 14:17:47
824,59,4,4,4,Rashika,Good sofa,Good sofa,2023-06-26 14:18:16
825,59,4,4,4,Abhishek,Nice product,Nice product,2023-06-26 14:18:50
826,59,3,3,3,Samantha,Didnt like the color,Didnt like the color,2023-06-26 14:19:36
827,59,0,0,0,Vinedra,Didnt like,Didnt like,2023-06-26 14:20:04
828,59,5,5,5,Saathwik,Amazing sofa,Amazing sofa,2023-06-26 14:20:34
829,59,3,3,3,Nanda,Average product,Average product,2023-06-26 14:21:06
830,59,2,2,2,Vineeth,"Okay, Not BAD","Okay, not BAD",2023-06-26 14:21:36
831,59,3,3,3,Vidyashree,"Okay, Not BAD","Okay, Not bad",2023-06-26 14:22:10
832,59,3,3,3,Vidwath,"Okay, Not bad","Okay, Not bad",2023-06-26 14:37:41
833,59,4,4,4,Ameesha,Good product,Good product,2023-06-26 14:38:34
834,59,5,5,5,Vikram,Amazing product,Amazing product,2023-06-26 14:39:12
835,59,4,4,4,Nandesha,I liked the color very much,I liked the color very much,2023-06-26 14:40:06
836,59,5,5,5,Nidya,Wonderful sofa,Wonderful sofa,2023-06-26 14:40:35
837,59,5,5,5,Saakshi,Amazing,Amazing,2023-06-26 14:41:01
838,59,4,4,4,Maanyata,Good product,Good product,2023-06-26 14:41:32
839,59,1,1,1,Singh,Worst product,Worst product,2023-06-26 14:42:02
840,60,4,4,4,manasa,Good product,Good product,2023-06-26 14:44:54
841,60,4,4,4,manya,Good product,Good product,2023-06-26 14:45:21
842,60,5,5,5,Pranam N,Amazing Design,Amazing Design,2023-06-26 14:46:07
843,60,4,4,4,Prashantha,Good product,Good product,2023-06-26 14:47:11
844,60,2,2,2,Divyakeerthi,"Okay, Not BAD","Okay, Not BAD",2023-06-26 14:47:43
845,60,2,2,2,Nityamma,"Okay, Not bad","Okay, Not bad",2023-06-26 14:48:17
846,60,5,5,5,Srinivas,Amazing product,Amazing product,2023-06-26 14:48:51
847,60,1,1,1,Anupama,Worst product,Worst product,2023-06-26 14:49:53
848,60,1,1,1,Seena,Worst product,Worst product,2023-06-26 14:50:27
849,60,4,4,4,Fathima,Good product,Good product,2023-06-26 14:51:05
850,60,1,1,1,sangarsh,Worst product,Worst product,2023-06-26 14:51:36
851,60,1,1,1,Naveena,Worst product,Worst product,2023-06-26 14:52:25
852,60,1,1,1,Manya,Worst product,Worst product,2023-06-26 14:52:57
853,60,3,3,3,sunny,Average product,Average product,2023-06-26 14:53:28
854,60,5,5,5,Shanvi,Amazing,Amazing,2023-06-26 14:53:57
855,60,5,5,5,Shrika,Amazing,Amazing,2023-06-26 14:54:25
856,60,3,3,3,Dimmy,Average product,Average  product,2023-06-26 14:55:37
857,60,5,5,5,Harry,Wonderful,Wonderful,2023-06-26 14:56:15
858,60,4,4,4,Darren,Good product,Good product,2023-06-26 14:56:45
859,60,1,1,1,Sandesh,Worst product,Worst product,2023-06-26 14:57:24
860,60,4,4,4,Pavitra,Good product,Good product,2023-06-26 14:59:01
861,60,1,1,1,aparna,Worst product,Worst product,2023-06-26 14:59:32
862,60,5,5,5,Danya,Wow,Wow,2023-06-26 14:59:57
863,60,2,2,2,Samantha,OKay,Okay,2023-06-26 15:00:29
864,73,3,3,3,farry,Average product,Average product,2023-06-26 15:06:17
865,73,3,3,3,Nimba,Average product,Average product,2023-06-26 15:06:46
866,73,5,5,5,Samyuktha,Soo nice  bed,Soo nice bed,2023-06-26 15:07:21
867,73,3,3,3,Banya,Nice ,Nice,2023-06-26 15:07:46
868,73,5,5,5,Kendra,Amazing product,Amazing product,2023-06-26 15:08:15
869,73,5,5,5,Deepak,Wonderful,Wonderful,2023-06-26 15:08:49
870,73,4,4,4,Santhosha,Good product,Good product,2023-06-26 15:09:26
871,73,4,4,4,Milind,Nice product,Nice product,2023-06-26 15:09:54
872,73,5,5,5,Jovita,MIND BLOWING,MIND BLOWING,2023-06-26 15:10:23
873,73,4,4,4,Vinodaa,Good product,Good product,2023-06-26 15:10:54
874,73,5,5,5,Anusha,Beautiful,Beautiful,2023-06-26 15:11:30
875,73,5,5,5,Zulfa,Amazing,Amazing,2023-06-26 15:11:58
876,73,5,5,5,Safwan,Mind blowing,Mind blowing,2023-06-26 15:12:22
877,73,1,1,1,Adil,Worst not nice at all,Worst not nice at all,2023-06-26 15:14:40
878,73,2,2,2,Rashika,"Okay, Not bad","Okay, Not bad",2023-06-26 15:15:12
879,73,1,1,1,Shazin,Worst product,Worst product,2023-06-26 15:15:50
880,73,1,1,1,Abhishek,Didnt like it,Didnt Like it,2023-06-26 15:16:25
881,73,2,2,2,Samantha,Not nice at all,Not nice at all,2023-06-26 15:17:12
882,73,4,4,4,Saathwik,Good product,Good product,2023-06-26 15:17:49
883,73,2,2,2,Vikram,Didnt like it,Didnt like it,2023-06-26 15:18:26
884,73,3,3,3,Singh,Fine,Fine,2023-06-26 15:18:51
885,73,3,3,3,Zubair,Average product,Average product,2023-06-26 15:19:52
886,73,4,4,4,Sanaya,Good product,Good product,2023-06-26 15:20:28
887,73,1,1,1,sangarsh,worst product,worst product,2023-06-26 15:20:53
888,73,1,1,1,Naveena,Worst product,Worst product,2023-06-26 15:21:38
889,71,5,5,5,farry,Nice bed,Nice bed,2023-06-26 16:03:49
890,71,2,2,2,Abhishek,"Okay, Not bad","Okay, Not bad",2023-06-26 16:04:20
891,71,2,2,2,Shazin,"Okay, Not BAD","Okay, NOT bad",2023-06-26 16:04:55
892,71,4,4,4,Nimba,Very nice product,Very nice product,2023-06-26 16:05:31
893,71,4,4,4,Samyuktha,Good product,Good product,2023-06-26 16:05:56
894,71,5,5,5,Rashika,Amazing product,Amazing product,2023-06-26 16:06:30
895,71,5,5,5,Adil,Mind blowing,Mind Blowing,2023-06-26 16:06:55
896,71,2,2,2,Safwan,Not comfortable,Not comfortable,2023-06-26 16:07:25
897,71,5,5,5,Zulfa,Very good product,Very good product,2023-06-26 16:07:58
898,71,2,2,2,Anusha,Not nice at all,Not nice at all,2023-06-26 16:08:30
899,71,4,4,4,Kendra,Good product,Good product,2023-06-26 16:09:03
900,71,5,5,5,Deepak,Amazing product,Amazing product,2023-06-26 16:09:40
901,71,5,5,5,Santhosha,Beautiful design,Beautiful Design,2023-06-26 16:10:22
902,71,1,1,1,Milind,Worst product,Worst product,2023-06-26 16:10:51
903,71,5,5,5,Jovita,Wonderful design arrangement,Wonderful design arrangement,2023-06-26 16:11:28
904,71,5,5,5,Vinedra,Amazing ,Amazing,2023-06-26 16:14:30
905,71,4,4,4,Vidyashree,Nice,Nice,2023-06-26 16:16:23
906,71,4,4,4,Ameesha,Good product,Good product,2023-06-26 16:17:59
907,71,1,1,1,Vikram ,Worst product,Worst product,2023-06-26 16:18:30
908,71,1,1,1,Saakshi,Worst product,Worst product,2023-06-26 16:19:04
909,71,1,1,1,Dimmy,Worst product,Worst product,2023-06-26 16:20:43
910,71,4,4,4,Pavitra,Good product,Good product,2023-06-26 16:21:19
911,71,1,1,1,Fathima,Worst product,Worst product,2023-06-26 16:23:12
912,71,4,4,4,Manya,Good product,Good product,2023-06-26 16:23:53
913,71,2,2,2,aparna,"Okay, Not bad","Okay, not BAD",2023-06-26 16:26:27
914,67,5,5,5,manasa,Nice sofa,Nice sofa,2023-06-26 16:32:38
915,67,3,3,3,manya,Good product,Good product,2023-06-26 16:33:08
916,67,4,4,4,Pranam N,Good product,Good product,2023-06-26 19:03:07
917,67,2,2,2,Prashantha,"Okay, Not Bad","Okay,Not BAD",2023-06-26 19:03:52
918,67,5,5,5,Divyakeerthi,Amazing product,Amazing product,2023-06-26 19:04:31
919,67,3,3,3,Srinivas,Average product,Average product,2023-06-26 19:05:09
920,67,3,3,3,Anupama,Average product,Average product,2023-06-26 19:05:39
921,67,1,1,1,Seena,Worst product,"Worst product
",2023-06-26 19:07:35
922,67,1,1,1,Fathima,Worst product,Worst product,2023-06-26 19:08:20
923,67,2,2,2,Sanaya,Hate it,Hate it,2023-06-26 19:08:49
924,67,4,4,4,sangarsh,Very nice product,Very nice product,2023-06-26 19:09:32
925,67,4,4,4,Naveena,Nice product,Nice product,2023-06-26 19:10:00
926,67,3,3,3,Manya,Average product,Average product,2023-06-26 19:10:45
927,67,5,5,5,sunny,Amazing product,Amazing product,2023-06-26 19:11:15
928,67,5,5,5,Shanvi,Amazing product,Amazing product,2023-06-26 19:11:54
929,67,1,1,1,Shrika,Worst product,Worst product,2023-06-26 19:12:22
930,67,2,2,2,Dimmy,"Okay, Not BAD","Okay, Not BAD",2023-06-26 19:12:54
931,67,4,4,4,Harry,Nice,Nice,2023-06-26 19:13:28
932,67,5,5,5,Darren,Very very nice product,Very very nice product,2023-06-26 19:14:13
933,67,4,4,4,Sandesh,Good product,Good product,2023-06-26 19:14:52
934,67,5,5,5,Pavitra,Wonderful,Wonderful,2023-06-26 19:15:33
935,67,1,1,1,aparna,Worst product,Worst product,2023-06-26 19:16:10
936,67,4,4,4,Mansa,Comfortable sitting,Comfortable sitting,2023-06-26 19:17:25
937,67,4,4,4,Danya,Comfortable sitting,Comfortable sitting,2023-06-26 19:18:30
938,67,4,4,4,Samantha,Soft sofa,Soft sofa,2023-06-26 19:19:12
939,64,4,4,4,Saathwik,Soft sofa,Soft sofa,2023-06-26 19:22:10
940,64,4,4,4,Nanda,Comfortable to sit,Comfortable to sit,2023-06-26 19:22:42
941,64,4,4,4,Vineeth,Soft sofa,Soft sofa,2023-06-26 19:23:32
942,64,2,2,2,Vidyashree,Very hard to sit,Very hard to sit,2023-06-26 19:24:10
943,64,3,3,3,Vidwath,Didnt like the color,Didnt like the color,2023-06-26 19:25:00
944,64,2,2,2,Ameesha,Hate it,Hate it,2023-06-26 19:25:33
945,64,2,2,2,Vikram,Hate it,Hate it,2023-06-26 19:26:02
946,64,2,2,2,Nandesha,Too much long sofa,Too much long sofa,2023-06-26 19:26:57
947,64,3,3,3,Nidya,Unable to sit,Unable to sit,2023-06-26 19:27:31
948,64,2,2,2,Saakshi,Didnt like the color,Didnt like the color,2023-06-26 19:28:49
949,64,5,5,5,Maanyata,Amazing product,Amazing product,2023-06-26 19:29:59
950,64,0,0,0,Singh,Not designed for too many people,Not designed for too many people,2023-06-26 19:30:51
951,64,1,1,1,Zubair,Not Designed for too many people,Not designed foe too many people,2023-06-26 19:31:36
952,64,1,1,1,Poorvi,Not designed for too many people,Not designed for too many people,2023-06-26 19:47:06
953,64,4,4,4,Derryl,Nice sofa,Nice sofa,2023-06-26 19:55:10
954,64,5,5,5,Nabhan,Wonderful Product,Wonderful Product,2023-06-26 19:55:47
955,64,4,4,4,Keerthina,Nice,Nice,2023-06-26 19:56:11
956,64,4,4,4,Malissa,GOOD sofa,Good sofa,2023-06-26 19:56:46
957,64,4,4,4,Gauthami,Good product,Good product,2023-06-26 19:57:24
958,64,4,4,4,Amritha,Nice sofa,Nice sofa,2023-06-26 19:58:00
959,64,5,5,5,Prakyath,Amazing,Amazing,2023-06-26 19:58:38
960,64,1,1,1,Shwetha,Worst color,Worst color,2023-06-26 19:59:14
961,64,4,4,4,Jasmine,Comfortable sofa,Comfortable sofa,2023-06-26 20:00:08
962,64,2,2,2,Adil,Long sofa,Long sofa,2023-06-26 20:00:37
963,64,2,2,2,Safwan,Hard sofa,Hard sofa,2023-06-26 20:01:06
964,61,4,4,4,farry,Good product,Good product,2023-06-28 18:05:33
965,61,5,5,5,Nimba,Amazing wadrobe,Amazing wadrobe,2023-06-28 18:06:30
966,61,4,4,4,Samyuktha,Good product,Good product,2023-06-28 18:07:02
967,61,5,5,5,Banya,Wonderful,Wonderful,2023-06-28 18:07:27
968,61,2,2,2,Kendra,Color is not nice at all,Color is not nice at all,2023-06-28 18:08:04
969,61,4,4,4,Banya,Nice product,Nice product,2023-06-28 18:09:33
970,61,3,3,3,Deepak,Fine,Fine,2023-06-28 18:09:56
971,61,4,4,4,Santhosha,Good product,Good product,2023-06-28 18:10:31
972,61,3,3,3,Milind,Average product,Average product,2023-06-28 18:11:15
973,61,5,5,5,Jovita,Amazing product,Amazing product,2023-06-28 18:17:37
974,61,3,3,3,Vinodaa,Average product,Average product,2023-06-28 18:18:10
975,61,2,2,2,Divya,"Okay, Not BAD","Okay, Not BAD",2023-06-28 18:18:37
976,61,1,1,1,Anusha,Worst product,Worst product,2023-06-28 18:19:09
977,61,5,5,5,Zulfa,Amazing product,Amazing product,2023-06-28 18:19:44
978,61,3,3,3,Safwan,Average product,Average product,2023-06-28 18:20:13
979,61,3,3,3,Adil,Average product,Average product,2023-06-28 18:20:39
980,61,1,1,1,Shazin,Worst product,Worst product,2023-06-28 18:21:05
981,61,1,1,1,Abhishek,Worst product,Worst product,2023-06-28 18:22:06
982,61,1,1,1,Samantha,Worst product,Worst product,2023-06-28 18:23:01
983,61,4,4,4,Vinedra,Good product,Good product,2023-06-28 18:23:25
984,61,4,4,4,Saathwik,Good product,Good product,2023-06-28 18:23:55
985,61,1,1,1,Vidyashree,worst product,worst product,2023-06-28 18:25:52
986,61,1,1,1,Vidwath,worst product,worst product,2023-06-28 18:27:12
987,61,4,4,4,Poorvi,Good product,Good product,2023-06-28 18:27:53
988,61,5,5,5,Derryl,Amazing product,Amazing product,2023-06-28 18:28:17
989,58,1,1,1,manasa,Not nice at all,Not nice at all,2023-06-29 08:35:29
990,58,2,2,2,manya,"okay,Not bad","okay, not bad",2023-06-29 08:35:59
991,58,2,2,2,Pranam N,"Okay, Not bad","Okay, Not bad",2023-06-29 08:36:28
992,58,2,2,2,Prashantha,"Okay, Not BAD","Okay, Not BAD",2023-06-29 08:37:22
993,58,4,4,4,Divyakeerthi,Nice product,Nice product,2023-06-29 08:38:01
994,58,4,4,4,Srinivas,Good product,Good product,2023-06-29 08:38:34
995,58,4,4,4,Nityamma,Good product,Good product,2023-06-29 08:39:03
996,58,1,1,1,Anupama,Worst product,Worst product,2023-06-29 08:39:30
997,58,1,1,1,Seena,Worst product,Worst product,2023-06-29 08:40:56
998,58,4,4,4,Fathima,Nice product,Nice product,2023-06-29 08:41:31
999,58,5,5,5,Sanaya,Wonderful,Wonderful,2023-06-29 08:41:56
1000,58,5,5,5,sangarsh,Amazing,Amazing,2023-06-29 08:42:23
1001,58,4,4,4,Naveena,Good product,Good product,2023-06-29 08:43:06
1002,58,1,1,1,Manya,Worst product,Worst product,2023-06-29 09:01:41
1003,58,4,4,4,sunny,Good product,Good product,2023-06-29 09:02:31
1004,58,4,4,4,Shanvi,Good product,Good product,2023-06-29 09:03:10
1005,58,1,1,1,Shrika,Worst product,Worst product,2023-06-29 09:03:46
1006,58,1,1,1,Dimmy,Worst product,Worst product,2023-06-29 09:04:20
1007,58,1,1,1,Harry,Worst product,Worst product,2023-06-29 09:05:07
1008,58,5,5,5,Darren,Amazing ,Amazing,2023-06-29 09:05:29
1009,58,4,4,4,Sandesh,Good product,Good product,2023-06-29 09:05:58
1010,58,4,4,4,Pavitra,Good product,Good product,2023-06-29 09:06:29
1011,58,4,4,4,aparna,Good product,Good product,2023-06-29 09:08:08
1012,58,4,4,4,Danya,Nice product,Nice product,2023-06-29 09:08:33
1013,58,2,2,2,Samantha,"Okay, Not BAD","Okay, not BAD",2023-06-29 09:09:14
1014,21,5,5,5,Vinedra,Amazing dress,Amazing dress,2023-06-29 09:27:32
1015,21,5,5,5,Nanda,Amazing dress,Amazing dress,2023-06-29 09:27:58
1016,21,4,4,4,Vineeth,Good dress,Good dress,2023-06-29 09:28:30
1017,21,5,5,5,Ameesha,Wonderful,Wonderful,2023-06-29 09:28:54
1018,21,4,4,4,Nidya,Nice dress,Nice dress,2023-06-29 09:29:30
1019,21,5,5,5,Saakshi,Amazing dress,Amazing dress,2023-06-29 09:29:58
1020,21,5,5,5,Maanyata,Amazing ,Amazing,2023-06-29 09:30:26
1021,21,1,1,1,Poorvi,Didnt like the color,Didnt like the color,2023-06-29 09:32:28
1022,21,4,4,4,Keerthina,Good dress,Good dress,2023-06-29 09:33:11
1023,21,3,3,3,Malissa,Average product,Average product,2023-06-29 09:35:45
1024,21,5,5,5,Gauthami,Liked it very much,Liked it very much,2023-06-29 09:36:24
1025,21,5,5,5,Shwetha,Amazing product,Amazing product,2023-06-29 09:36:54
1026,21,4,4,4,Jasmine,Good product,Good product,2023-06-29 09:37:31
1027,21,5,5,5,Shazin,Very very nice,Very very nice,2023-06-29 09:38:04
1028,21,4,4,4,Anusha,Good dress,Good dress,2023-06-29 09:39:21
1029,21,5,5,5,Divya,Mind blowing,Mind blowing,2023-06-29 09:39:50
1030,21,4,4,4,Nimba ,Good dress,Good dress,2023-06-29 09:40:14
1031,21,5,5,5,Samyuktha,Amazing dress,Amazing dress,2023-06-29 09:42:22
1032,21,4,4,4,Jovita,Nice ,Nice,2023-06-29 09:43:00
1033,21,4,4,4,manasa,Good dress,Good dress,2023-06-29 09:44:17
1034,21,5,5,5,Srinivas,Wow,Wow,2023-06-29 09:44:42
1035,21,3,3,3,Dimmy,Average dress,Average dress,2023-06-29 09:45:36
1036,21,4,4,4,Shanvi,Good dress,Good dress,2023-06-29 09:46:24
1037,21,1,1,1,Shrika,Not nice at all,Not nice at all,2023-06-29 09:46:51
1038,21,4,4,4,sangarsh,"Okay, not bad","Okay, not bad",2023-06-29 09:47:32
1039,20,4,4,4,farry,Good product,Good product,2023-06-29 10:21:15
1040,20,4,4,4,Nimba,Nice,Nice,2023-06-29 10:21:42
1041,20,2,2,2,Samyuktha,"Okay, not bad","Okay, not BAD",2023-06-29 10:22:17
1042,20,5,5,5,Banya,Amazing,Amazing shoes,2023-06-29 10:22:44
1043,20,2,2,2,Kendra,"Okay,Not bad","Okay, Not bad",2023-06-29 10:23:13
1044,20,1,1,1,Deepak,Worst product,Worst product,2023-06-29 10:23:41
1045,20,1,1,1,Santhosha,Worst product,Worst product,2023-06-29 10:24:11
1046,20,1,1,1,Milind,Worst product,Worst product,2023-06-29 10:24:38
1047,20,1,1,1,Divya,Worst product,Worst product,2023-06-29 10:25:08
1048,20,1,1,1,Jovita,Worst product,Worst product,2023-06-29 10:25:39
1049,20,2,2,2,Vinodaa,"Okay, not bad",Okay not bad,2023-06-29 10:28:07
1050,20,2,2,2,Rashika,"Okay, Not bad","Okay, Not BAD",2023-06-29 10:28:49
1051,20,2,2,2,Shazin,"Okay, not Bad","Okay, Not bad",2023-06-29 10:29:20
1052,20,4,4,4,Abhishek,Good product,Good product,2023-06-29 10:29:57
1053,20,3,3,3,Samantha,"Okay, Not bad",Okay not bad,2023-06-29 10:30:32
1054,20,1,1,1,Derryl,Worst product,Worst product,2023-06-29 10:31:02
1055,20,4,4,4,Nabhan,Good product,Good product,2023-06-29 10:35:47
1056,20,4,4,4,Keerthina,Good product,Good product,2023-06-29 10:36:25
1057,20,4,4,4,Malissa,Good product,Good product,2023-06-29 10:37:01
1058,20,4,4,4,Gauthami,Good product,Good product,2023-06-29 10:37:35
1059,20,5,5,5,Amrita,Nice,Nice,2023-06-29 10:38:06
1060,20,5,5,5,Prakhyath,Wonderful,Wonderful,2023-06-29 10:38:40
1061,20,2,2,2,Shwetha,"Okay, Not bad","Okay, Not bad",2023-06-29 10:39:32
1062,20,4,4,4,Jasmine,Fine,Fine,2023-06-29 10:39:52
1063,20,4,4,4,manasa,Fine,Fine,2023-06-29 10:47:35
1064,20,2,2,2,manya,"Okay, not bad","Okay, not bad",2023-06-29 10:48:10
1065,37,3,3,3,Danya,Fine,Fine,2023-06-29 10:50:15
1066,37,4,4,4,Mansa,Good dress,Good dress,2023-06-29 10:50:47
1067,37,4,4,4,aparna,nice dress,nice dress,2023-06-29 11:55:19
1068,37,5,5,5,Pavitra,Amazing dress,Amazing dress,2023-06-29 11:55:49
1069,37,5,5,5,Sandesh,Wonderful,Wonderful,2023-06-29 11:56:18
1070,37,2,2,2,Darren,Not nice,Not nice,2023-06-29 11:56:49
1071,37,5,5,5,Harry,Wow,Wow,2023-06-29 11:57:17
1072,37,1,1,1,Dimmy,Not nice at all,Not nice at all,2023-06-29 11:57:46
1073,37,1,1,1,Dimmy,Not nice at all,Not nice at all,2023-06-29 11:58:23
1074,37,4,4,4,Shrika,Good to look,Good to look,2023-06-29 11:59:03
1075,37,4,4,4,Shanvi,Good dress,Good dress,2023-06-29 11:59:29
1076,37,3,3,3,sunny,Average,Average,2023-06-29 11:59:51
1077,37,4,4,4,Naveena,Good dress,Good dress,2023-06-29 12:00:30
1078,37,4,4,4,sangarsh,Fine,Fine,2023-06-29 12:01:06
1079,37,2,2,2,Sanaya,Okay,Okay,2023-06-29 13:00:33
1080,37,5,5,5,Fathima,Beautiful,Beautiful,2023-06-29 13:01:07
1081,37,4,4,4,Seena,Very nice product,Very nice product,2023-06-29 13:01:37
1082,37,4,4,4,Anupama,Good dress,Good dress,2023-06-29 13:02:23
1083,37,5,5,5,Nityamma,Beautiful,Beautiful,2023-06-29 13:02:55
1084,37,4,4,4,Srinivas,Very nice product,Very nice product,2023-06-29 13:03:33
1085,37,4,4,4,Divyakeerthi,Beautiful dress,Beautiful dress,2023-06-29 13:04:20
1086,37,5,5,5,Prashantha,"Wonderful color ,Black is my favourite colour","Wonderful color ,Black is my favourite colour",2023-06-29 13:05:03
1087,37,2,2,2,Pranam N,"Okay, Not BAD","okay, Not BAD",2023-06-29 13:07:29
1088,37,5,5,5,manya,Very very nice color,very very nice color,2023-06-29 13:08:03
1089,37,1,1,1,manasa,Worst dress ever seen,Worst dress ever seen,2023-06-29 13:08:39
1090,92,5,5,5,farry,Beautiful earring,Beautiful earring,2023-06-29 13:09:52
1091,92,5,5,5,Nimba,Amazing color,Amazing color,2023-06-29 13:10:22
1092,92,5,5,5,Samyiktha,Beautiful Earring,Beautiful Earring,2023-06-29 13:11:05
1093,92,4,4,4,Banya,Niceeeeee,Niceeeeeeeee,2023-06-29 13:12:04
1094,92,5,5,5,Kendra,Wow,Wow,2023-06-29 13:12:29
1095,92,5,5,5,Deepak,"Woow, nice earring",Woow nice earring,2023-06-29 13:13:01
1096,92,5,5,5,Santhosha,Wonderful,Wonderful,2023-06-29 13:13:33
1097,92,4,4,4,Milind,Niceeeeee,Niceeeeeee,2023-06-29 13:13:58
1098,92,2,2,2,Jovita,Sooo painful,Sooo painful to wear,2023-06-29 13:15:07
1099,92,2,2,2,Anusha,Painful to wear,Painful to wear,2023-06-29 13:15:37
1100,92,2,2,2,Rashika,Not nice at all,Not nice at all,2023-06-29 13:16:08
1101,92,2,2,2,Samantha,Not nice,Not nice,2023-06-29 13:17:03
1102,92,4,4,4,Vinedra,Good earring,Good earring,2023-06-29 14:32:07
1103,92,2,2,2,Saathwik,"Okay, Not BAD","Okay, Not BAD",2023-06-29 14:33:38
1104,92,4,4,4,Nanda,Good ,Good,2023-06-29 14:34:33
1105,92,5,5,5,Vineeth,Amazing,Amazing,2023-06-29 14:35:10
1106,92,5,5,5,Vidyashree,Beautiful Earring,Beautiful Earring,2023-06-29 14:35:50
1107,92,5,5,5,Vidwath,"Nice earring, my wife like it","Nice earring , my wife liked it",2023-06-29 14:36:39
1108,92,1,1,1,Ameesha,Worst color,Worst color,2023-06-29 14:39:06
1109,92,4,4,4,Vikram,Nice,Nice,2023-06-29 14:39:32
1110,92,0,0,0,Nandesha,Too painful to wear,Too painful to wear,2023-06-29 14:40:15
1111,92,3,3,3,Nidya,Average ,Average,2023-06-29 14:43:52
1112,92,5,5,5,Saakshi,Wonderful,Wonderful,2023-06-29 14:44:33
1113,92,2,2,2,Maanyata,"Okay, Not BAD","Okay, Not BAD",2023-06-29 14:45:04
1114,92,4,4,4,Singh,Good earring,Nice earring,2023-06-29 14:45:31
1115,76,4,4,4,farry,Cute dress,Cute dress,2023-06-29 14:49:55
1116,76,5,5,5,Nimba,Wow,Wow,2023-06-29 14:50:19
1117,76,4,4,4,Samyuktha,cute dress,cute dress,2023-06-29 14:52:24
1118,76,4,4,4,Banya,Cute dress,Cute dress,2023-06-29 14:53:18
1119,76,5,5,5,Kendra,Nice color,Wonderful color,2023-06-29 14:54:16
1120,76,4,4,4,Deepak,WOW,WOW,2023-06-29 14:54:44
1121,76,5,5,5,Santhosha,wow,wow,2023-06-29 14:55:07
1122,76,5,5,5,Milind,Wonderful,Wonderful,2023-06-29 14:56:02
1123,76,2,2,2,Jovita,Okay,Okay,2023-06-29 14:56:26
1124,76,5,5,5,Vinodaa,wow,wow,2023-06-29 14:57:12
1125,76,5,5,5,Divya,wow,wow,2023-06-29 14:58:02
1126,76,4,4,4,Anusha,Good dress,Good dress,2023-06-29 14:58:46
1127,76,5,5,5,Zulfa,Cute dress,Cute dress,2023-06-29 15:00:07
1128,76,5,5,5,Safwan,Amazing,Amazing,2023-06-29 15:00:49
1129,76,2,2,2,Adil,Not nice,Not nice,2023-06-29 15:01:14
1130,76,5,5,5,Rashika,WOW,WOW,2023-06-29 15:01:49
1131,76,5,5,5,Shazin,Wonderful,Wonderful,2023-06-29 15:06:22
1132,76,2,2,2,Abhishek,Okay,Okay,2023-06-29 15:07:00
1133,76,4,4,4,Jasmine,Cute dress,Cute dress,2023-06-29 15:07:49
1134,76,4,4,4,Shwetha,Cute dress,cute dress,2023-06-29 15:08:36
1135,76,3,3,3,Prakyath,Nice,Nice,2023-06-29 15:09:19
1136,76,4,4,4,Amrita,Nice, Nice,2023-06-29 15:09:55
1137,76,1,1,1,Gauthami,Didnt like it,Didnt like it,2023-06-29 15:11:57
1138,76,3,3,0,Malissa,Okay,Okay,2023-06-29 15:12:26
1139,76,1,1,1,Keerthina,Didnt like it,Didnt like it,2023-06-29 15:13:48
1140,76,4,4,4,Nabhan,Beautiful,Beautiful,2023-06-29 15:14:35
1141,19,1,1,1,manasa,worst product,worst product,2023-06-29 15:20:23
1142,19,1,1,1,manya,worst product,worst product,2023-06-29 15:20:53
1143,19,1,1,1,Pranam N,Worst product,Worst product,2023-06-29 15:21:35
1144,19,1,1,1,Divyakeerthi,worst product,Worst product,2023-06-29 15:22:06
1145,19,0,0,0,Srrinivas,Worst product,Worst product,2023-06-29 15:23:23
1146,19,1,1,1,Nityamma,worst product,worst product,2023-06-29 15:24:20
1147,19,2,2,2,Anupama,Not nice at all,Not nice at all,2023-06-29 15:26:54
1148,19,2,2,2,Seena,Not comfortable,Not comfortable,2023-06-29 15:27:34
1149,19,1,1,1,Fathima,Not comfortable to wear,Not comfortable to wear,2023-06-29 15:28:52
1150,19,1,1,1,Sanaya,Not nice at all,Not nice at all,2023-06-29 15:29:25
1151,19,4,4,4,sangarsh,Good shoes,Good Shoes,2023-06-29 15:30:07
1152,19,4,4,4,Naveena,Very nice shoes,Very nice shoes,2023-06-29 15:30:42
1153,19,4,4,4,Manya,good shoes,good shoes,2023-06-29 15:31:20
1154,19,4,4,4,sunny,nice shoes,nice shoes,2023-06-29 15:31:48
1155,19,2,2,2,Shanvi,not comfortable,not comfortable,2023-06-29 15:32:19
1156,19,2,2,2,Shrika,not comfortable,not comfortable,2023-06-29 15:33:00
1157,19,2,2,2,Dimmy,uncomfortable to wear,uncomfortable to wear,2023-06-29 15:33:38
1158,19,2,2,2,Harry,Uncomfortable wearing,Uncomfortable wearing,2023-06-29 15:34:47
1159,19,2,2,2,Darren,Not nice at all,Not nice at all,2023-06-29 15:35:40
1160,19,2,2,2,Sandesh,Bad product,Bad product,2023-06-29 15:36:07
1161,19,1,1,1,Pavitra,Bad product,Bad product,2023-06-29 18:12:12
1162,19,1,1,1,aparna,Bad product,Bad product,2023-06-29 18:12:51
1163,19,0,0,0,Mansa,Bad product,Bad product,2023-06-29 18:13:17
1164,43,4,4,4,saki,nice T-shirt,nice T-shirt,2023-06-29 18:19:39
1165,43,4,4,4,Swarna,Nice t-shirt,Nice t-shirt,2023-06-29 18:20:05
1166,43,5,5,5,Gokul,Beautiful color,Beautiful color,2023-06-29 18:20:34
1167,43,5,5,5,Samanvitha,Beautiful T-shirt,Beautiful T-shirt,2023-06-29 18:21:04
1168,43,5,5,5,Barrel,Nice T-shirt,Nice T-shirt,2023-06-29 18:21:30
1169,43,4,4,4,Lilly,Nice-Tshirt,Nice Tshirt,2023-06-29 19:31:56
1170,43,5,5,5,Varuna,Nice T-shirt,Nice Tshirt,2023-06-29 19:32:29
1171,43,4,4,4,Saki,Good t-shirt,Good T-shirt,2023-06-29 19:33:09
1172,43,4,4,4,Abhishek,Nice T-shirt,Nice T-shirt,2023-06-29 19:33:53
1173,43,5,5,5,Adil,Great color,Great Color,2023-06-29 19:34:58
1174,43,4,4,4,Vinodaa,Nice T-shirt,Nice T-shirt,2023-06-29 19:36:26
1175,43,5,5,5,Milind,Great color,Great Color,2023-06-29 19:37:03
1176,43,5,5,5,Deepak,Amazing,Amazing,2023-06-29 19:37:36
1177,43,1,1,1,Banya,Didnt  like the color,Didnt  like the color,2023-06-29 19:38:10
1178,43,1,1,1,Barrel,Didnt like it,Didnt like it,2023-06-29 19:38:48
1179,43,3,3,3,Santhosha,Average,Average,2023-06-29 19:39:33
1180,43,3,3,3,Srinivas,Average,Average,2023-06-29 20:02:58
1181,43,3,3,3,Harry,Average,Average,2023-06-29 20:04:11
1182,43,0,0,0,Sandesh,Didnt Like the color,Didnt Like the color,2023-06-29 20:04:58
1183,43,4,4,4,Dimmy,Wonderful,Wonderful T-shirt,2023-06-29 20:05:34
1184,43,5,5,5,Pavitra,Nice,Nice,2023-06-29 20:06:08
1185,43,5,5,5,Fathima,Good product,Good product,2023-06-29 20:06:45
1186,43,5,5,5,Mansa,Very nice product,Very Nice product,2023-06-29 20:07:47
1187,43,1,1,1,Anusha,Worst Tshirt,Worst T-shirt,2023-06-29 20:21:38
1188,43,1,1,1,Shazin ,Didnt Like the color,Didnt like,2023-06-29 20:22:18
1189,102,1,1,1,cristopher,Worst jeans,Worst jeans,2023-06-29 20:27:54
1190,102,1,1,1,shishir,Worst jeans,Worst jeans,2023-06-29 20:28:18
1191,102,1,1,1,Lilly,Didnt Like it,Didnt Like it,2023-06-29 20:28:53
1192,102,1,1,1,Varuna,Not nice at all,Not nice at all,2023-06-29 20:29:24
1193,102,2,2,2,Saki,Worst jeans,Worst jeans,2023-06-29 20:29:50
1194,102,5,5,5,Swarna,Okay not bad,Okay not BAD,2023-06-29 20:30:15
1195,102,0,0,0,Gokul,Nonsense,Nonsense,2023-06-29 20:30:36
1196,102,1,1,1,Nimba,Didnt like the color,Didnt like the color,2023-06-29 20:31:30
1197,102,2,2,2,Barrel,Not nice ta all,Uncomfortable to wear,2023-06-29 20:32:05
1198,102,2,2,2,Milind,"Okay , Not bad","Okay, Not abd",2023-06-29 20:32:35
1199,102,2,2,2,Nabhan,"Okay, Not bad",Okay Not bad,2023-06-29 20:32:58
1200,102,4,4,4,kendra,Very much comfortable,Very much comfortable,2023-06-29 21:21:24
1201,102,2,2,2,Jovita,"Okay, Not bad","Okays, Not bad",2023-06-29 21:22:02
1202,102,2,2,2,Rashika ,"Okay, Not bad","Okay ,not bad",2023-06-29 21:22:36
1203,102,2,2,2,manasa,"Okay, Not bad","Okay, Not bad",2023-06-29 21:22:59
1204,102,4,4,4,Malissa,Good,Good,2023-06-29 21:23:36
1205,102,2,2,2,Keerthina,"Okay, Not BAD","Okay, Not BAD",2023-06-29 21:24:25
1206,102,2,2,2,Poorvi,"Okay, Not BAD","Okay, Not BAD",2023-06-29 21:24:56
1207,102,4,4,4,Ameesha,Fine,Fine,2023-06-29 21:25:22
1208,102,2,2,2,Shrika,"Okay, Not bad","Okay, Not bad",2023-06-29 21:26:14
1209,102,4,4,4,Manya,Good,Good,2023-06-29 21:26:41
1210,102,2,2,2,Nityamma,"Okay, Not bad","Okay, Not bad",2023-06-29 21:27:42
1211,102,4,4,4,Singh,Nice jeans,Nice jeans,2023-06-29 21:28:28
1212,102,0,0,0,Prashantha,worst,worst,2023-06-29 21:30:06
1213,102,2,2,2,Pranam N,"Okay, Not bad","Okay, Not bad",2023-06-29 21:30:32
1214,87,5,5,5,Siri,Nice heels,Nice heels,2023-06-29 21:58:49
1215,87,4,4,4,Banarasi,Very much comfortable to wear,Very much comfortable to wear,2023-06-29 21:59:40
1216,87,4,4,4,Rani,Comfortable to wear,Comfortable to wear,2023-06-29 22:00:22
1217,87,5,5,5,Manasa,Nice color liked it,"Nice color, Liked it",2023-06-29 22:01:05
1218,87,4,4,4,Divyakeerthi,Nice heels,Nice heels,2023-06-29 22:02:03
1219,87,4,4,4,Ameesha,Nice heels,Nice heels,2023-06-29 22:02:30
1220,87,1,1,1,Nanda,Too much height,Too much height,2023-06-29 22:03:00
1221,87,4,4,4,Shanvi,Fine ,Fine,2023-06-29 22:03:22
1222,87,2,2,2,Manya,"Okay, Not BAD","Okay, Not BAD",2023-06-29 22:03:53
1223,87,2,2,2,Shrika,Okay,Okay,2023-06-29 22:04:20
1224,87,5,5,5,Anupama,"Nice, Liked it",Nice Liked it,2023-06-29 22:04:48
1225,87,3,3,3,Vidyashree,Good product,Good product,2023-06-29 22:05:28
1226,87,5,5,5,Vineeth,My wife liked the surprise,My wife liked the surprise,2023-06-29 22:06:03
1227,87,1,1,1,Sonu,Didnt like it,Didnt like it,2023-07-01 18:45:04
1228,87,1,1,1,Bindya,Didnt Like it,Didnt Like it,2023-07-01 18:45:36
1229,87,1,1,1,Aasha,Not nice at all,Not nice at all,2023-07-01 18:46:12
1230,87,4,4,4,Nayantara,Wow,Wow,2023-07-01 18:46:45
1231,87,5,5,5,Sheetal,Beautiful heels,Beautiful heels,2023-07-01 18:47:27
1232,87,4,4,4,cristopher,Good product,Good product,2023-07-01 18:48:31
1233,87,4,4,4,Vishwas,Good product,Good product,2023-07-01 18:49:00
1234,87,4,4,4,Adil,Good product,Good product,2023-07-01 18:49:37
1235,87,4,4,4,Deepak,Good product,Good product,2023-07-01 18:50:32
1236,87,4,4,4,Milind,Good product,Good product,2023-07-01 18:51:04
1237,87,5,5,5,Naveena,Good product,Good product,2023-07-01 18:54:53
1238,87,5,5,5,Pranam N,Good product,Good product,2023-07-01 18:57:32
1239,69,5,5,5,manasa,Good product,Good product,2023-07-01 18:59:04
1240,69,4,4,4,manya,Blue sofe,Blue sofa,2023-07-01 18:59:36
1241,69,2,2,2,Pranam N,Didnt Like the pattern,Didnt Like the pattern,2023-07-01 19:00:17
1242,69,4,4,4,Prashantha,Nice product,Nice product,2023-07-01 19:00:43
1243,69,5,5,5,Srinivas,Amazing,Amazing,2023-07-01 19:01:20
1244,69,4,4,4,Nityamma,Good product,Good product,2023-07-01 19:01:49
1245,69,5,5,5,Divyakeerthi,Nice product,Nice product,2023-07-01 19:04:55
1246,69,5,5,5,Seena,Nice product,Nice product,2023-07-01 19:05:35
1247,69,5,5,5,Fathima,Amaing,Amazing,2023-07-01 19:06:23
1248,69,4,4,4,Sanaya,Good product,Good product,2023-07-01 19:08:18
1249,69,4,4,4,sangarsh,Good product,Good product,2023-07-01 19:09:35
1250,69,5,5,5,Naveena,Good product,Good product,2023-07-01 19:11:50
1251,69,4,4,4,Manya,Good product,Good product,2023-07-01 19:12:21
1252,69,3,3,3,sunny,Average product,Average product,2023-07-01 19:13:18
1253,69,5,5,5,Shanvi,Wonderful,Wonderful,2023-07-01 19:13:49
1254,69,4,4,4,Shrika,Good product,Good product,2023-07-01 19:14:22
1255,69,1,1,1,Dimmy,Worst,Worst,2023-07-01 19:15:07
1256,69,1,1,1,Harry,Worst,Worst,2023-07-01 19:16:08
1257,69,1,1,1,Darren,Worst,Worst,2023-07-01 19:16:39
1258,69,1,1,1,Sandesh,Worst,Worst,2023-07-01 19:17:08
1259,69,5,5,5,Pavitra,Amazing,Amazing,2023-07-01 19:17:38
1260,69,5,5,5,aparna,Beautiful,Beautiful,2023-07-01 19:18:07
1261,69,5,5,5,Mansa,Amazing,Amazing,2023-07-01 19:22:20
1262,69,4,4,4,Danya,Good product,Good product,2023-07-01 19:22:52
1263,69,4,4,4,Samantha,Good product,Good product,2023-07-01 19:24:37
